Organization Name,Networks I'm Sharing
Illinois Attorney General,University of Illinois at Urbana - Champaign IL PD
Countryside IL PD,University of Illinois at Urbana - Champaign IL PD
Hoopeston IL PD ,University of Illinois at Urbana - Champaign IL PD
Grayslake IL PD ,University of Illinois at Urbana - Champaign IL PD
Schiller Park IL PD,University of Illinois at Urbana - Champaign IL PD
Boone County IL SO,University of Illinois at Urbana - Champaign IL PD
Cicero IL PD,University of Illinois at Urbana - Champaign IL PD
Lakewood IL PD ,University of Illinois at Urbana - Champaign IL PD
Stephenson County IL SO,University of Illinois at Urbana - Champaign IL PD
Glen Ellyn IL PD,University of Illinois at Urbana - Champaign IL PD
Joliet Junior College IL PD ,University of Illinois at Urbana - Champaign IL PD
Libertyville IL PD,University of Illinois at Urbana - Champaign IL PD
Jacksonville IL PD,University of Illinois at Urbana - Champaign IL PD
New Baden IL PD,University of Illinois at Urbana - Champaign IL PD
Wayne IL PD,University of Illinois at Urbana - Champaign IL PD
Richland Community College Campus IL PD,University of Illinois at Urbana - Champaign IL PD
Rantoul IL PD,University of Illinois at Urbana - Champaign IL PD
East Hazel Crest IL PD,University of Illinois at Urbana - Champaign IL PD
Carmi IL PD,University of Illinois at Urbana - Champaign IL PD
Barrington IL PD,University of Illinois at Urbana - Champaign IL PD
Rockford IL PD,University of Illinois at Urbana - Champaign IL PD
Moline IL PD,University of Illinois at Urbana - Champaign IL PD
Palos Hills IL PD,University of Illinois at Urbana - Champaign IL PD
Richmond IL PD,University of Illinois at Urbana - Champaign IL PD
Bridgeview IL PD,University of Illinois at Urbana - Champaign IL PD
Barrington Hills IL PD,University of Illinois at Urbana - Champaign IL PD
Hickory Hills IL PD,University of Illinois at Urbana - Champaign IL PD
Windsor- IL- PD,University of Illinois at Urbana - Champaign IL PD
Fulton IL PD,University of Illinois at Urbana - Champaign IL PD
Rochelle IL PD,University of Illinois at Urbana - Champaign IL PD
Northfield IL PD,University of Illinois at Urbana - Champaign IL PD
Greenup IL PD,University of Illinois at Urbana - Champaign IL PD
Campton Hills IL PD,University of Illinois at Urbana - Champaign IL PD
Marshall IL PD,University of Illinois at Urbana - Champaign IL PD
Morgan County IL SO,University of Illinois at Urbana - Champaign IL PD
West Chicago IL PD,University of Illinois at Urbana - Champaign IL PD
Plano IL PD,University of Illinois at Urbana - Champaign IL PD
Hume PD IL ,University of Illinois at Urbana - Champaign IL PD
Bushnell IL PD,University of Illinois at Urbana - Champaign IL PD
Franklin Park IL PD,University of Illinois at Urbana - Champaign IL PD
Kendall County IL SO,University of Illinois at Urbana - Champaign IL PD
Grundy County IL 911,University of Illinois at Urbana - Champaign IL PD
Crainville IL PD ,University of Illinois at Urbana - Champaign IL PD
Depue IL PD,University of Illinois at Urbana - Champaign IL PD
Mount Carmel IL PD,University of Illinois at Urbana - Champaign IL PD
 Lewistown IL PD,University of Illinois at Urbana - Champaign IL PD
Aviston IL PD,University of Illinois at Urbana - Champaign IL PD
Crestwood IL PD,University of Illinois at Urbana - Champaign IL PD
Metra IL PD,University of Illinois at Urbana - Champaign IL PD
Dixmoor IL PD,University of Illinois at Urbana - Champaign IL PD
Brown County IL SO,University of Illinois at Urbana - Champaign IL PD
White County IL SO,University of Illinois at Urbana - Champaign IL PD
IL - Henry PD,University of Illinois at Urbana - Champaign IL PD
Carterville IL PD,University of Illinois at Urbana - Champaign IL PD
Milan IL PD ,"University of Illinois at Urbana - Champaign IL PD,University of Illinois at Urbana - Champaign IL PD Raven"
Lasalle IL PD ,"University of Illinois at Urbana - Champaign IL PD,University of Illinois at Urbana - Champaign IL PD Raven"
Metropolis IL PD,"University of Illinois at Urbana - Champaign IL PD,University of Illinois at Urbana - Champaign IL PD Raven"
Pecatonica IL PD,"University of Illinois at Urbana - Champaign IL PD,University of Illinois at Urbana - Champaign IL PD Raven"
Chatham IL PD,"University of Illinois at Urbana - Champaign IL PD,University of Illinois at Urbana - Champaign IL PD Raven"
Cary IL PD,"University of Illinois at Urbana - Champaign IL PD,University of Illinois at Urbana - Champaign IL PD Raven"
Peotone IL PD ,"University of Illinois at Urbana - Champaign IL PD,University of Illinois at Urbana - Champaign IL PD Raven"
Centralia IL PD,"University of Illinois at Urbana - Champaign IL PD,University of Illinois at Urbana - Champaign IL PD Raven"
Will County IL SO,"University of Illinois at Urbana - Champaign IL PD,University of Illinois at Urbana - Champaign IL PD Raven"
Bement IL PD ,"University of Illinois at Urbana - Champaign IL PD,University of Illinois at Urbana - Champaign IL PD Raven"
Bond County IL SO ,"University of Illinois at Urbana - Champaign IL PD,University of Illinois at Urbana - Champaign IL PD Raven"
Fayette County IL SO ,"University of Illinois at Urbana - Champaign IL PD,University of Illinois at Urbana - Champaign IL PD Raven"
Glenwood IL PD,"University of Illinois at Urbana - Champaign IL PD,University of Illinois at Urbana - Champaign IL PD Raven"
Morris IL PD,"University of Illinois at Urbana - Champaign IL PD,University of Illinois at Urbana - Champaign IL PD Raven"
Midlothian IL PD,"University of Illinois at Urbana - Champaign IL PD,University of Illinois at Urbana - Champaign IL PD Raven"
Herrin IL PD,"University of Illinois at Urbana - Champaign IL PD,University of Illinois at Urbana - Champaign IL PD Raven"
Justice IL PD,"University of Illinois at Urbana - Champaign IL PD,University of Illinois at Urbana - Champaign IL PD Raven"
Tinley Park IL PD,"University of Illinois at Urbana - Champaign IL PD,University of Illinois at Urbana - Champaign IL PD Raven"
South Elgin IL PD,"University of Illinois at Urbana - Champaign IL PD,University of Illinois at Urbana - Champaign IL PD Raven"
Oakbrook Terrace IL PD,"University of Illinois at Urbana - Champaign IL PD,University of Illinois at Urbana - Champaign IL PD Raven"
Rock Falls IL PD,"University of Illinois at Urbana - Champaign IL PD,University of Illinois at Urbana - Champaign IL PD Raven"
Belvidere IL PD,"University of Illinois at Urbana - Champaign IL PD,University of Illinois at Urbana - Champaign IL PD Raven"
Frankfort IL PD,"University of Illinois at Urbana - Champaign IL PD,University of Illinois at Urbana - Champaign IL PD Raven"
Williamson Co. IL SO,"University of Illinois at Urbana - Champaign IL PD,University of Illinois at Urbana - Champaign IL PD Raven"
Decatur IL PD,"University of Illinois at Urbana - Champaign IL PD,University of Illinois at Urbana - Champaign IL PD Raven"
Greenfield IL PD ,"University of Illinois at Urbana - Champaign IL PD,University of Illinois at Urbana - Champaign IL PD Raven"
Carol Stream IL PD,"University of Illinois at Urbana - Champaign IL PD,University of Illinois at Urbana - Champaign IL PD Raven"
Calumet Park IL PD,"University of Illinois at Urbana - Champaign IL PD,University of Illinois at Urbana - Champaign IL PD Raven"
Palatine IL PD,"University of Illinois at Urbana - Champaign IL PD,University of Illinois at Urbana - Champaign IL PD Raven"
Effingham IL PD,"University of Illinois at Urbana - Champaign IL PD,University of Illinois at Urbana - Champaign IL PD Raven"
Putnam County IL SO,"University of Illinois at Urbana - Champaign IL PD,University of Illinois at Urbana - Champaign IL PD Raven"
Matteson IL PD,"University of Illinois at Urbana - Champaign IL PD,University of Illinois at Urbana - Champaign IL PD Raven"
Lincolnshire IL PD,"University of Illinois at Urbana - Champaign IL PD,University of Illinois at Urbana - Champaign IL PD Raven"
Antioch IL PD,"University of Illinois at Urbana - Champaign IL PD,University of Illinois at Urbana - Champaign IL PD Raven"
Riverwoods IL PD,"University of Illinois at Urbana - Champaign IL PD,University of Illinois at Urbana - Champaign IL PD Raven"
Riverton IL PD ,"University of Illinois at Urbana - Champaign IL PD,University of Illinois at Urbana - Champaign IL PD Raven"
Rockford Park District IL PD ,"University of Illinois at Urbana - Champaign IL PD,University of Illinois at Urbana - Champaign IL PD Raven"
Rosemont IL PD,"University of Illinois at Urbana - Champaign IL PD,University of Illinois at Urbana - Champaign IL PD Raven"
Skokie IL PD,"University of Illinois at Urbana - Champaign IL PD,University of Illinois at Urbana - Champaign IL PD Raven"
Des Plaines IL PD,"University of Illinois at Urbana - Champaign IL PD,University of Illinois at Urbana - Champaign IL PD Raven"
El Paso IL PD,"University of Illinois at Urbana - Champaign IL PD,University of Illinois at Urbana - Champaign IL PD Raven"
Coles County IL SO ,"University of Illinois at Urbana - Champaign IL PD,University of Illinois at Urbana - Champaign IL PD Raven"
Darien IL PD,"University of Illinois at Urbana - Champaign IL PD,University of Illinois at Urbana - Champaign IL PD Raven"
Warrenville IL PD,"University of Illinois at Urbana - Champaign IL PD,University of Illinois at Urbana - Champaign IL PD Raven"
Athens IL PD,"University of Illinois at Urbana - Champaign IL PD,University of Illinois at Urbana - Champaign IL PD Raven"
Flossmoor IL PD,"University of Illinois at Urbana - Champaign IL PD,University of Illinois at Urbana - Champaign IL PD Raven"
East Moline IL PD,"University of Illinois at Urbana - Champaign IL PD,University of Illinois at Urbana - Champaign IL PD Raven"
Mount Prospect IL PD,"University of Illinois at Urbana - Champaign IL PD,University of Illinois at Urbana - Champaign IL PD Raven"
Palos Heights IL PD,"University of Illinois at Urbana - Champaign IL PD,University of Illinois at Urbana - Champaign IL PD Raven"
Wood Dale IL PD,"University of Illinois at Urbana - Champaign IL PD,University of Illinois at Urbana - Champaign IL PD Raven"
Illinois Department of Natural Resources ,"University of Illinois at Urbana - Champaign IL PD,University of Illinois at Urbana - Champaign IL PD Raven"
Jasper CO IL SO,"University of Illinois at Urbana - Champaign IL PD,University of Illinois at Urbana - Champaign IL PD Raven"
Prospect Heights IL PD,"University of Illinois at Urbana - Champaign IL PD,University of Illinois at Urbana - Champaign IL PD Raven"
Edgar County IL SO,"University of Illinois at Urbana - Champaign IL PD,University of Illinois at Urbana - Champaign IL PD Raven"
Arlington Heights IL PD ,"University of Illinois at Urbana - Champaign IL PD,University of Illinois at Urbana - Champaign IL PD Raven"
La Grange Park IL PD,"University of Illinois at Urbana - Champaign IL PD,University of Illinois at Urbana - Champaign IL PD Raven"
Douglas County IL SO,"University of Illinois at Urbana - Champaign IL PD,University of Illinois at Urbana - Champaign IL PD Raven"
Loves Park IL PD,"University of Illinois at Urbana - Champaign IL PD,University of Illinois at Urbana - Champaign IL PD Raven"
McHenry IL PD,"University of Illinois at Urbana - Champaign IL PD,University of Illinois at Urbana - Champaign IL PD Raven"
Southern Illinois University IL PD ,"University of Illinois at Urbana - Champaign IL PD,University of Illinois at Urbana - Champaign IL PD Raven"
Schaumburg IL PD,"University of Illinois at Urbana - Champaign IL PD,University of Illinois at Urbana - Champaign IL PD Raven"
Lawrence County IL SO,"University of Illinois at Urbana - Champaign IL PD,University of Illinois at Urbana - Champaign IL PD Raven"
Pike County IL SO ,"University of Illinois at Urbana - Champaign IL PD,University of Illinois at Urbana - Champaign IL PD Raven"
Vandalia IL PD ,"University of Illinois at Urbana - Champaign IL PD,University of Illinois at Urbana - Champaign IL PD Raven"
Village of Bloomingdale IL PD,"University of Illinois at Urbana - Champaign IL PD,University of Illinois at Urbana - Champaign IL PD Raven"
Kankakee IL PD,"University of Illinois at Urbana - Champaign IL PD,University of Illinois at Urbana - Champaign IL PD Raven"
Ottawa IL PD,"University of Illinois at Urbana - Champaign IL PD,University of Illinois at Urbana - Champaign IL PD Raven"
Peoria IL PD,"University of Illinois at Urbana - Champaign IL PD,University of Illinois at Urbana - Champaign IL PD Raven"
Bolingbrook IL PD,"University of Illinois at Urbana - Champaign IL PD,University of Illinois at Urbana - Champaign IL PD Raven"
Palos Park IL PD,"University of Illinois at Urbana - Champaign IL PD,University of Illinois at Urbana - Champaign IL PD Raven"
Chillicothe IL PD ,"University of Illinois at Urbana - Champaign IL PD,University of Illinois at Urbana - Champaign IL PD Raven"
Adams County IL SO,"University of Illinois at Urbana - Champaign IL PD,University of Illinois at Urbana - Champaign IL PD Raven"
Zion IL PD,"University of Illinois at Urbana - Champaign IL PD,University of Illinois at Urbana - Champaign IL PD Raven"
Bureau Co. IL SO,"University of Illinois at Urbana - Champaign IL PD,University of Illinois at Urbana - Champaign IL PD Raven"
Streamwood IL PD,"University of Illinois at Urbana - Champaign IL PD,University of Illinois at Urbana - Champaign IL PD Raven"
Gurnee IL PD,"University of Illinois at Urbana - Champaign IL PD,University of Illinois at Urbana - Champaign IL PD Raven"
Villa Grove IL PD,"University of Illinois at Urbana - Champaign IL PD,University of Illinois at Urbana - Champaign IL PD Raven"
Washington IL PD,"University of Illinois at Urbana - Champaign IL PD,University of Illinois at Urbana - Champaign IL PD Raven"
Johnston City IL PD,"University of Illinois at Urbana - Champaign IL PD,University of Illinois at Urbana - Champaign IL PD Raven"
Lansing IL PD,"University of Illinois at Urbana - Champaign IL PD,University of Illinois at Urbana - Champaign IL PD Raven"
Winnebago County IL SO,"University of Illinois at Urbana - Champaign IL PD,University of Illinois at Urbana - Champaign IL PD Raven"
Lake In The Hills IL PD,"University of Illinois at Urbana - Champaign IL PD,University of Illinois at Urbana - Champaign IL PD Raven"
Rockton IL PD,"University of Illinois at Urbana - Champaign IL PD,University of Illinois at Urbana - Champaign IL PD Raven"
Beardstown IL PD ,"University of Illinois at Urbana - Champaign IL PD,University of Illinois at Urbana - Champaign IL PD Raven"
Mundelein IL PD,"University of Illinois at Urbana - Champaign IL PD,University of Illinois at Urbana - Champaign IL PD Raven"
Chicago Heights IL PD,"University of Illinois at Urbana - Champaign IL PD,University of Illinois at Urbana - Champaign IL PD Raven"
Harwood Heights IL PD,"University of Illinois at Urbana - Champaign IL PD,University of Illinois at Urbana - Champaign IL PD Raven"
Village of Manhattan IL PD,"University of Illinois at Urbana - Champaign IL PD,University of Illinois at Urbana - Champaign IL PD Raven"
Hazel Crest IL PD,"University of Illinois at Urbana - Champaign IL PD,University of Illinois at Urbana - Champaign IL PD Raven"
Lisle IL PD,"University of Illinois at Urbana - Champaign IL PD,University of Illinois at Urbana - Champaign IL PD Raven"
Harvey IL PD,"University of Illinois at Urbana - Champaign IL PD,University of Illinois at Urbana - Champaign IL PD Raven"
Willowbrook IL PD,"University of Illinois at Urbana - Champaign IL PD,University of Illinois at Urbana - Champaign IL PD Raven"
Auburn IL PD,"University of Illinois at Urbana - Champaign IL PD,University of Illinois at Urbana - Champaign IL PD Raven"
Oswego IL PD,"University of Illinois at Urbana - Champaign IL PD,University of Illinois at Urbana - Champaign IL PD Raven"
Highland Park IL PD ,"University of Illinois at Urbana - Champaign IL PD,University of Illinois at Urbana - Champaign IL PD Raven"
Sherman IL PD,"University of Illinois at Urbana - Champaign IL PD,University of Illinois at Urbana - Champaign IL PD Raven"
Tilton IL PD,"University of Illinois at Urbana - Champaign IL PD,University of Illinois at Urbana - Champaign IL PD Raven"
Golf IL PD ,"University of Illinois at Urbana - Champaign IL PD,University of Illinois at Urbana - Champaign IL PD Raven"
Westchester IL PD,"University of Illinois at Urbana - Champaign IL PD,University of Illinois at Urbana - Champaign IL PD Raven"
Oglesby IL PD ,"University of Illinois at Urbana - Champaign IL PD,University of Illinois at Urbana - Champaign IL PD Raven"
Burr Ridge IL PD,"University of Illinois at Urbana - Champaign IL PD,University of Illinois at Urbana - Champaign IL PD Raven"
Chenoa IL PD,"University of Illinois at Urbana - Champaign IL PD,University of Illinois at Urbana - Champaign IL PD Raven"
St. Charles IL PD,"University of Illinois at Urbana - Champaign IL PD,University of Illinois at Urbana - Champaign IL PD Raven"
Crest Hill IL PD,"University of Illinois at Urbana - Champaign IL PD,University of Illinois at Urbana - Champaign IL PD Raven"
Crystal Lake IL PD,"University of Illinois at Urbana - Champaign IL PD,University of Illinois at Urbana - Champaign IL PD Raven"
Rockdale IL PD ,"University of Illinois at Urbana - Champaign IL PD,University of Illinois at Urbana - Champaign IL PD Raven"
KenCom Public Safety Dispatch,"University of Illinois at Urbana - Champaign IL PD,University of Illinois at Urbana - Champaign IL PD Raven"
Mattoon IL PD,"University of Illinois at Urbana - Champaign IL PD,University of Illinois at Urbana - Champaign IL PD Raven"
Charleston IL PD,"University of Illinois at Urbana - Champaign IL PD,University of Illinois at Urbana - Champaign IL PD Raven"
Inverness IL PD,"University of Illinois at Urbana - Champaign IL PD,University of Illinois at Urbana - Champaign IL PD Raven"
Flora- IL - PD,"University of Illinois at Urbana - Champaign IL PD,University of Illinois at Urbana - Champaign IL PD Raven"
Park Forest IL PD,"University of Illinois at Urbana - Champaign IL PD,University of Illinois at Urbana - Champaign IL PD Raven"
Kewanee IL PD ,"University of Illinois at Urbana - Champaign IL PD,University of Illinois at Urbana - Champaign IL PD Raven"
Danville IL PD,"University of Illinois at Urbana - Champaign IL PD,University of Illinois at Urbana - Champaign IL PD Raven"
Woodstock IL PD,"University of Illinois at Urbana - Champaign IL PD,University of Illinois at Urbana - Champaign IL PD Raven"
Wilmington IL PD,"University of Illinois at Urbana - Champaign IL PD,University of Illinois at Urbana - Champaign IL PD Raven"
Crete IL PD,"University of Illinois at Urbana - Champaign IL PD,University of Illinois at Urbana - Champaign IL PD Raven"
Mechanicsburg/Buffalo IL PD,"University of Illinois at Urbana - Champaign IL PD,University of Illinois at Urbana - Champaign IL PD Raven"
Roselle IL PD ,"University of Illinois at Urbana - Champaign IL PD,University of Illinois at Urbana - Champaign IL PD Raven"
Macon County IL SO,"University of Illinois at Urbana - Champaign IL PD,University of Illinois at Urbana - Champaign IL PD Raven"
Wheaton IL PD,"University of Illinois at Urbana - Champaign IL PD,University of Illinois at Urbana - Champaign IL PD Raven"
Lombard IL PD,"University of Illinois at Urbana - Champaign IL PD,University of Illinois at Urbana - Champaign IL PD Raven"
Champaign IL PD,"University of Illinois at Urbana - Champaign IL PD,University of Illinois at Urbana - Champaign IL PD Raven"
Coal Valley IL PD ,"University of Illinois at Urbana - Champaign IL PD,University of Illinois at Urbana - Champaign IL PD Raven"
Wauconda IL PD,"University of Illinois at Urbana - Champaign IL PD,University of Illinois at Urbana - Champaign IL PD Raven"
Murphysboro IL PD ,"University of Illinois at Urbana - Champaign IL PD,University of Illinois at Urbana - Champaign IL PD Raven"
Carpentersville IL PD,"University of Illinois at Urbana - Champaign IL PD,University of Illinois at Urbana - Champaign IL PD Raven"
Plainfield IL PD,"University of Illinois at Urbana - Champaign IL PD,University of Illinois at Urbana - Champaign IL PD Raven"
Monmouth IL PD,"University of Illinois at Urbana - Champaign IL PD,University of Illinois at Urbana - Champaign IL PD Raven"
Lyons IL PD,"University of Illinois at Urbana - Champaign IL PD,University of Illinois at Urbana - Champaign IL PD Raven"
DuPage County IL SO,"University of Illinois at Urbana - Champaign IL PD,University of Illinois at Urbana - Champaign IL PD Raven"
Hoffman Estates IL PD,"University of Illinois at Urbana - Champaign IL PD,University of Illinois at Urbana - Champaign IL PD Raven"
Broadview IL PD,"University of Illinois at Urbana - Champaign IL PD,University of Illinois at Urbana - Champaign IL PD Raven"
Sullivan  IL PD,"University of Illinois at Urbana - Champaign IL PD,University of Illinois at Urbana - Champaign IL PD Raven"
Sycamore IL PD ,"University of Illinois at Urbana - Champaign IL PD,University of Illinois at Urbana - Champaign IL PD Raven"
Glasford IL PD,"University of Illinois at Urbana - Champaign IL PD,University of Illinois at Urbana - Champaign IL PD Raven"
Trenton IL PD,"University of Illinois at Urbana - Champaign IL PD,University of Illinois at Urbana - Champaign IL PD Raven"
Spring Valley IL PD,"University of Illinois at Urbana - Champaign IL PD,University of Illinois at Urbana - Champaign IL PD Raven"
Silvis IL PD,"University of Illinois at Urbana - Champaign IL PD,University of Illinois at Urbana - Champaign IL PD Raven"
Peru IL PD,"University of Illinois at Urbana - Champaign IL PD,University of Illinois at Urbana - Champaign IL PD Raven"
Westmont IL PD,"University of Illinois at Urbana - Champaign IL PD,University of Illinois at Urbana - Champaign IL PD Raven"
Hodgkins IL PD,"University of Illinois at Urbana - Champaign IL PD,University of Illinois at Urbana - Champaign IL PD Raven"
Paxton IL PD ,"University of Illinois at Urbana - Champaign IL PD,University of Illinois at Urbana - Champaign IL PD Raven"
Niles IL PD,"University of Illinois at Urbana - Champaign IL PD,University of Illinois at Urbana - Champaign IL PD Raven"
Newton IL PD,"University of Illinois at Urbana - Champaign IL PD,University of Illinois at Urbana - Champaign IL PD Raven"
Addison IL PD,"University of Illinois at Urbana - Champaign IL PD,University of Illinois at Urbana - Champaign IL PD Raven"
Galesburg IL PD,"University of Illinois at Urbana - Champaign IL PD,University of Illinois at Urbana - Champaign IL PD Raven"
Shelby County IL SO,"University of Illinois at Urbana - Champaign IL PD,University of Illinois at Urbana - Champaign IL PD Raven"
Northbrook IL PD,"University of Illinois at Urbana - Champaign IL PD,University of Illinois at Urbana - Champaign IL PD Raven"
Colona IL PD,"University of Illinois at Urbana - Champaign IL PD,University of Illinois at Urbana - Champaign IL PD Raven"
Buffalo Grove IL PD,"University of Illinois at Urbana - Champaign IL PD,University of Illinois at Urbana - Champaign IL PD Raven"
Kankakee County IL SO,"University of Illinois at Urbana - Champaign IL PD,University of Illinois at Urbana - Champaign IL PD Raven"
Hometown IL PD,"University of Illinois at Urbana - Champaign IL PD,University of Illinois at Urbana - Champaign IL PD Raven"
Channahon IL PD,"University of Illinois at Urbana - Champaign IL PD,University of Illinois at Urbana - Champaign IL PD Raven"
North Chicago IL PD,"University of Illinois at Urbana - Champaign IL PD,University of Illinois at Urbana - Champaign IL PD Raven"
Clark Co. IL Sheriff's Dept.,"University of Illinois at Urbana - Champaign IL PD,University of Illinois at Urbana - Champaign IL PD Raven"
Lake Zurich IL PD,"University of Illinois at Urbana - Champaign IL PD,University of Illinois at Urbana - Champaign IL PD Raven"
Stickney IL PD,"University of Illinois at Urbana - Champaign IL PD,University of Illinois at Urbana - Champaign IL PD Raven"
Mackinaw IL PD,"University of Illinois at Urbana - Champaign IL PD,University of Illinois at Urbana - Champaign IL PD Raven"
Benton IL PD ,"University of Illinois at Urbana - Champaign IL PD,University of Illinois at Urbana - Champaign IL PD Raven"
Livingston IL PD ,"University of Illinois at Urbana - Champaign IL PD,University of Illinois at Urbana - Champaign IL PD Raven"
Iroquois IL SO ,"University of Illinois at Urbana - Champaign IL PD,University of Illinois at Urbana - Champaign IL PD Raven"
Pekin IL PD,"University of Illinois at Urbana - Champaign IL PD,University of Illinois at Urbana - Champaign IL PD Raven"
Merrionette Park IL PD,"University of Illinois at Urbana - Champaign IL PD,University of Illinois at Urbana - Champaign IL PD Raven"
Sterling IL PD,"University of Illinois at Urbana - Champaign IL PD,University of Illinois at Urbana - Champaign IL PD Raven"
Glenview IL PD,"University of Illinois at Urbana - Champaign IL PD,University of Illinois at Urbana - Champaign IL PD Raven"
Huntley IL PD ,"University of Illinois at Urbana - Champaign IL PD,University of Illinois at Urbana - Champaign IL PD Raven"
Thornton IL PD,"University of Illinois at Urbana - Champaign IL PD,University of Illinois at Urbana - Champaign IL PD Raven"
Kane County IL SO,"University of Illinois at Urbana - Champaign IL PD,University of Illinois at Urbana - Champaign IL PD Raven"
Villa Park IL PD,"University of Illinois at Urbana - Champaign IL PD,University of Illinois at Urbana - Champaign IL PD Raven"
Oak Forest IL PD,"University of Illinois at Urbana - Champaign IL PD,University of Illinois at Urbana - Champaign IL PD Raven"
Berkeley IL PD,"University of Illinois at Urbana - Champaign IL PD,University of Illinois at Urbana - Champaign IL PD Raven"
Hanover Park IL PD ,"University of Illinois at Urbana - Champaign IL PD,University of Illinois at Urbana - Champaign IL PD Raven"
Burnham IL PD ,"University of Illinois at Urbana - Champaign IL PD,University of Illinois at Urbana - Champaign IL PD Raven"
Posen IL PD,"University of Illinois at Urbana - Champaign IL PD,University of Illinois at Urbana - Champaign IL PD Raven"
New Lenox IL PD,"University of Illinois at Urbana - Champaign IL PD,University of Illinois at Urbana - Champaign IL PD Raven"
Livingston County IL SO,"University of Illinois at Urbana - Champaign IL PD,University of Illinois at Urbana - Champaign IL PD Raven"
Rolling Meadows IL PD,"University of Illinois at Urbana - Champaign IL PD,University of Illinois at Urbana - Champaign IL PD Raven"
Richton Park IL PD,"University of Illinois at Urbana - Champaign IL PD,University of Illinois at Urbana - Champaign IL PD Raven"
Wheeling IL PD ,"University of Illinois at Urbana - Champaign IL PD,University of Illinois at Urbana - Champaign IL PD Raven"
Aurora IL PD,"University of Illinois at Urbana - Champaign IL PD,University of Illinois at Urbana - Champaign IL PD Raven"
Canton IL PD,"University of Illinois at Urbana - Champaign IL PD,University of Illinois at Urbana - Champaign IL PD Raven"
Parkland College IL PD ,"University of Illinois at Urbana - Champaign IL PD,University of Illinois at Urbana - Champaign IL PD Raven"
Galva IL PD,"University of Illinois at Urbana - Champaign IL PD,University of Illinois at Urbana - Champaign IL PD Raven"
Melrose Park IL PD,"University of Illinois at Urbana - Champaign IL PD,University of Illinois at Urbana - Champaign IL PD Raven"
Oakwood IL PD,"University of Illinois at Urbana - Champaign IL PD,University of Illinois at Urbana - Champaign IL PD Raven"
Morton Grove IL PD,"University of Illinois at Urbana - Champaign IL PD,University of Illinois at Urbana - Champaign IL PD Raven"
Rock Island County IL SO ,"University of Illinois at Urbana - Champaign IL PD,University of Illinois at Urbana - Champaign IL PD Raven"
Elk Grove IL PD,"University of Illinois at Urbana - Champaign IL PD,University of Illinois at Urbana - Champaign IL PD Raven"
West Dundee IL PD,"University of Illinois at Urbana - Champaign IL PD,University of Illinois at Urbana - Champaign IL PD Raven"
DuPage County Forest Preserve IL PD,"University of Illinois at Urbana - Champaign IL PD,University of Illinois at Urbana - Champaign IL PD Raven"
Creve Coeur IL PD,"University of Illinois at Urbana - Champaign IL PD,University of Illinois at Urbana - Champaign IL PD Raven"
Rock Island IL PD,"University of Illinois at Urbana - Champaign IL PD,University of Illinois at Urbana - Champaign IL PD Raven"
Minooka IL PD,"University of Illinois at Urbana - Champaign IL PD,University of Illinois at Urbana - Champaign IL PD Raven"
Bensenville IL PD,"University of Illinois at Urbana - Champaign IL PD,University of Illinois at Urbana - Champaign IL PD Raven"
Freeport IL PD,"University of Illinois at Urbana - Champaign IL PD,University of Illinois at Urbana - Champaign IL PD Raven"
Bourbonnais IL PD,"University of Illinois at Urbana - Champaign IL PD,University of Illinois at Urbana - Champaign IL PD Raven"
Pontiac IL PD,"University of Illinois at Urbana - Champaign IL PD,University of Illinois at Urbana - Champaign IL PD Raven"
Knox County IL SO,"University of Illinois at Urbana - Champaign IL PD,University of Illinois at Urbana - Champaign IL PD Raven"
Willow Springs IL PD,"University of Illinois at Urbana - Champaign IL PD,University of Illinois at Urbana - Champaign IL PD Raven"
Schuyler Co. IL SO,"University of Illinois at Urbana - Champaign IL PD,University of Illinois at Urbana - Champaign IL PD Raven"
Dolton IL PD,"University of Illinois at Urbana - Champaign IL PD,University of Illinois at Urbana - Champaign IL PD Raven"
Peoria County IL SO,"University of Illinois at Urbana - Champaign IL PD,University of Illinois at Urbana - Champaign IL PD Raven"
Manteno IL PD,"University of Illinois at Urbana - Champaign IL PD,University of Illinois at Urbana - Champaign IL PD Raven"
Moweaqua IL PD,"University of Illinois at Urbana - Champaign IL PD,University of Illinois at Urbana - Champaign IL PD Raven"
Romeoville IL PD,"University of Illinois at Urbana - Champaign IL PD,University of Illinois at Urbana - Champaign IL PD Raven"
Pittsfield IL PD ,"University of Illinois at Urbana - Champaign IL PD,University of Illinois at Urbana - Champaign IL PD Raven"
Glencoe IL PD,"University of Illinois at Urbana - Champaign IL PD,University of Illinois at Urbana - Champaign IL PD Raven"
Waukegan IL PD,"University of Illinois at Urbana - Champaign IL PD,University of Illinois at Urbana - Champaign IL PD Raven"
Eureka IL PD ,"University of Illinois at Urbana - Champaign IL PD,University of Illinois at Urbana - Champaign IL PD Raven"
Ogle County IL SO,"University of Illinois at Urbana - Champaign IL PD,University of Illinois at Urbana - Champaign IL PD Raven"
Round Lake Beach IL PD,"University of Illinois at Urbana - Champaign IL PD,University of Illinois at Urbana - Champaign IL PD Raven"
Robbins IL PD,"University of Illinois at Urbana - Champaign IL PD,University of Illinois at Urbana - Champaign IL PD Raven"
Park Ridge IL PD,"University of Illinois at Urbana - Champaign IL PD,University of Illinois at Urbana - Champaign IL PD Raven"
Joliet IL PD,"University of Illinois at Urbana - Champaign IL PD,University of Illinois at Urbana - Champaign IL PD Raven"
Morton IL PD,"University of Illinois at Urbana - Champaign IL PD,University of Illinois at Urbana - Champaign IL PD Raven"
Norridge IL PD,"University of Illinois at Urbana - Champaign IL PD,University of Illinois at Urbana - Champaign IL PD Raven"
Hinckley IL PD,"University of Illinois at Urbana - Champaign IL PD,University of Illinois at Urbana - Champaign IL PD Raven"
Kansas IL PD,"University of Illinois at Urbana - Champaign IL PD,University of Illinois at Urbana - Champaign IL PD Raven"
Mt. Zion IL PD,"University of Illinois at Urbana - Champaign IL PD,University of Illinois at Urbana - Champaign IL PD Raven"
Lincolnwood IL PD,"University of Illinois at Urbana - Champaign IL PD,University of Illinois at Urbana - Champaign IL PD Raven"
East Peoria IL PD,"University of Illinois at Urbana - Champaign IL PD,University of Illinois at Urbana - Champaign IL PD Raven"
Rochester IL PD,"University of Illinois at Urbana - Champaign IL PD,University of Illinois at Urbana - Champaign IL PD Raven"
North Aurora IL PD,"University of Illinois at Urbana - Champaign IL PD,University of Illinois at Urbana - Champaign IL PD Raven"
Deerfield IL PD,"University of Illinois at Urbana - Champaign IL PD,University of Illinois at Urbana - Champaign IL PD Raven"
McDonough County IL SO,"University of Illinois at Urbana - Champaign IL PD,University of Illinois at Urbana - Champaign IL PD Raven"
Lewis University IL PD,"University of Illinois at Urbana - Champaign IL PD,University of Illinois at Urbana - Champaign IL PD Raven"
Cass County IL SO,"University of Illinois at Urbana - Champaign IL PD,University of Illinois at Urbana - Champaign IL PD Raven"
Mahomet IL PD,"University of Illinois at Urbana - Champaign IL PD,University of Illinois at Urbana - Champaign IL PD Raven"
Harrisburg IL PD,"University of Illinois at Urbana - Champaign IL PD,University of Illinois at Urbana - Champaign IL PD Raven"
Olympia Fields IL PD,"University of Illinois at Urbana - Champaign IL PD,University of Illinois at Urbana - Champaign IL PD Raven"
River Grove IL PD ,"University of Illinois at Urbana - Champaign IL PD,University of Illinois at Urbana - Champaign IL PD Raven"
La Grange IL PD,"University of Illinois at Urbana - Champaign IL PD,University of Illinois at Urbana - Champaign IL PD Raven"
Morrison IL PD,"University of Illinois at Urbana - Champaign IL PD,University of Illinois at Urbana - Champaign IL PD Raven"
Marseilles IL PD,"University of Illinois at Urbana - Champaign IL PD,University of Illinois at Urbana - Champaign IL PD Raven"
Champaign County IL SO,"University of Illinois at Urbana - Champaign IL PD,University of Illinois at Urbana - Champaign IL PD Raven"
Princeton IL PD,"University of Illinois at Urbana - Champaign IL PD,University of Illinois at Urbana - Champaign IL PD Raven"
Georgetown IL PD,"University of Illinois at Urbana - Champaign IL PD,University of Illinois at Urbana - Champaign IL PD Raven"
Summit IL PD,"University of Illinois at Urbana - Champaign IL PD,University of Illinois at Urbana - Champaign IL PD Raven"
Indian Head Park IL PD,"University of Illinois at Urbana - Champaign IL PD,University of Illinois at Urbana - Champaign IL PD Raven"
East Dundee IL PD,"University of Illinois at Urbana - Champaign IL PD,University of Illinois at Urbana - Champaign IL PD Raven"
Oakland IL PD ,"University of Illinois at Urbana - Champaign IL PD,University of Illinois at Urbana - Champaign IL PD Raven"
Quincy IL PD,"University of Illinois at Urbana - Champaign IL PD,University of Illinois at Urbana - Champaign IL PD Raven"
Norfolk Southern RR IL PD,"University of Illinois at Urbana - Champaign IL PD,University of Illinois at Urbana - Champaign IL PD Raven"
Southern View IL PD,"University of Illinois at Urbana - Champaign IL PD,University of Illinois at Urbana - Champaign IL PD Raven"
Woodford County IL SO,"University of Illinois at Urbana - Champaign IL PD,University of Illinois at Urbana - Champaign IL PD Raven"
Lake County IL SO ,"University of Illinois at Urbana - Champaign IL PD,University of Illinois at Urbana - Champaign IL PD Raven"
Itasca IL PD,"University of Illinois at Urbana - Champaign IL PD,University of Illinois at Urbana - Champaign IL PD Raven"
Round Lake Park IL PD,"University of Illinois at Urbana - Champaign IL PD,University of Illinois at Urbana - Champaign IL PD Raven"
Macomb IL PD,"University of Illinois at Urbana - Champaign IL PD,University of Illinois at Urbana - Champaign IL PD Raven"
Marion IL PD,"University of Illinois at Urbana - Champaign IL PD,University of Illinois at Urbana - Champaign IL PD Raven"
Casey IL PD,"University of Illinois at Urbana - Champaign IL PD,University of Illinois at Urbana - Champaign IL PD Raven"
Kane County Forest Preserve IL PD ,"University of Illinois at Urbana - Champaign IL PD,University of Illinois at Urbana - Champaign IL PD Raven"
Forest Preserve District Will County PD (IL),"University of Illinois at Urbana - Champaign IL PD,University of Illinois at Urbana - Champaign IL PD Raven"
Village of Pingree Grove IL PD,"University of Illinois at Urbana - Champaign IL PD,University of Illinois at Urbana - Champaign IL PD Raven"
Riverside IL PD ,"University of Illinois at Urbana - Champaign IL PD,University of Illinois at Urbana - Champaign IL PD Raven"
Oak Lawn IL PD,"University of Illinois at Urbana - Champaign IL PD,University of Illinois at Urbana - Champaign IL PD Raven"
University Park IL PD,"University of Illinois at Urbana - Champaign IL PD,University of Illinois at Urbana - Champaign IL PD Raven"
Hawthorn Woods IL PD ,"University of Illinois at Urbana - Champaign IL PD,University of Illinois at Urbana - Champaign IL PD Raven"
Sangamon County IL SO,"University of Illinois at Urbana - Champaign IL PD,University of Illinois at Urbana - Champaign IL PD Raven"
Carbondale IL PD,"University of Illinois at Urbana - Champaign IL PD,University of Illinois at Urbana - Champaign IL PD Raven"
Mason County IL SO,"University of Illinois at Urbana - Champaign IL PD,University of Illinois at Urbana - Champaign IL PD Raven"
Island Lake IL PD,"University of Illinois at Urbana - Champaign IL PD,University of Illinois at Urbana - Champaign IL PD Raven"
Cook County IL SO,"University of Illinois at Urbana - Champaign IL PD,University of Illinois at Urbana - Champaign IL PD Raven"
Lee County IL SO,"University of Illinois at Urbana - Champaign IL PD,University of Illinois at Urbana - Champaign IL PD Raven"
Cherry Valley IL PD,"University of Illinois at Urbana - Champaign IL PD,University of Illinois at Urbana - Champaign IL PD Raven"
Bloomington IL PD,"University of Illinois at Urbana - Champaign IL PD,University of Illinois at Urbana - Champaign IL PD Raven"
Country Club Hills IL PD,"University of Illinois at Urbana - Champaign IL PD,University of Illinois at Urbana - Champaign IL PD Raven"
Harper Community College IL PD,"University of Illinois at Urbana - Champaign IL PD,University of Illinois at Urbana - Champaign IL PD Raven"
Havana IL PD,"University of Illinois at Urbana - Champaign IL PD,University of Illinois at Urbana - Champaign IL PD Raven"
Elmwood Park IL PD,"University of Illinois at Urbana - Champaign IL PD,University of Illinois at Urbana - Champaign IL PD Raven"
Robinson IL PD,"University of Illinois at Urbana - Champaign IL PD,University of Illinois at Urbana - Champaign IL PD Raven"
Evergreen Park IL PD,"University of Illinois at Urbana - Champaign IL PD,University of Illinois at Urbana - Champaign IL PD Raven"
Menard County IL SO,"University of Illinois at Urbana - Champaign IL PD,University of Illinois at Urbana - Champaign IL PD Raven"
Saline County IL SO,"University of Illinois at Urbana - Champaign IL PD,University of Illinois at Urbana - Champaign IL PD Raven"
Henry County IL SO,"University of Illinois at Urbana - Champaign IL PD,University of Illinois at Urbana - Champaign IL PD Raven"
Vernon Hills IL PD,"University of Illinois at Urbana - Champaign IL PD,University of Illinois at Urbana - Champaign IL PD Raven"
Fox Valley IL Parks District,"University of Illinois at Urbana - Champaign IL PD,University of Illinois at Urbana - Champaign IL PD Raven"
Petersburg IL PD,"University of Illinois at Urbana - Champaign IL PD,University of Illinois at Urbana - Champaign IL PD Raven"
Winfield IL PD,"University of Illinois at Urbana - Champaign IL PD,University of Illinois at Urbana - Champaign IL PD Raven"
Fox Lake IL PD,"University of Illinois at Urbana - Champaign IL PD,University of Illinois at Urbana - Champaign IL PD Raven"
Carlyle IL PD,"University of Illinois at Urbana - Champaign IL PD,University of Illinois at Urbana - Champaign IL PD Raven"
Oak Brook IL PD ,"University of Illinois at Urbana - Champaign IL PD,University of Illinois at Urbana - Champaign IL PD Raven"
Vienna IL PD,"University of Illinois at Urbana - Champaign IL PD,University of Illinois at Urbana - Champaign IL PD Raven"
Franklin County IL SO,"University of Illinois at Urbana - Champaign IL PD,University of Illinois at Urbana - Champaign IL PD Raven"
Chrisman IL PD ,"University of Illinois at Urbana - Champaign IL PD,University of Illinois at Urbana - Champaign IL PD Raven"
Blue Island IL PD,"University of Illinois at Urbana - Champaign IL PD,University of Illinois at Urbana - Champaign IL PD Raven"
South Barrington IL PD,"University of Illinois at Urbana - Champaign IL PD,University of Illinois at Urbana - Champaign IL PD Raven"
Paris IL PD,"University of Illinois at Urbana - Champaign IL PD,University of Illinois at Urbana - Champaign IL PD Raven"
Steger IL PD,"University of Illinois at Urbana - Champaign IL PD,University of Illinois at Urbana - Champaign IL PD Raven"
Tazewell County IL SO,"University of Illinois at Urbana - Champaign IL PD,University of Illinois at Urbana - Champaign IL PD Raven"
Woodridge IL PD,"University of Illinois at Urbana - Champaign IL PD,University of Illinois at Urbana - Champaign IL PD Raven"
Warrensburg IL PD,"University of Illinois at Urbana - Champaign IL PD,University of Illinois at Urbana - Champaign IL PD Raven"
Braidwood IL PD,"University of Illinois at Urbana - Champaign IL PD,University of Illinois at Urbana - Champaign IL PD Raven"
University of Illinois - Chicago IL PD,"University of Illinois at Urbana - Champaign IL PD,University of Illinois at Urbana - Champaign IL PD Raven"
Homewood IL PD,"University of Illinois at Urbana - Champaign IL PD,University of Illinois at Urbana - Champaign IL PD Raven"
Cortland IL PD,"University of Illinois at Urbana - Champaign IL PD,University of Illinois at Urbana - Champaign IL PD Raven"
Crawford County IL SO ,"University of Illinois at Urbana - Champaign IL PD,University of Illinois at Urbana - Champaign IL PD Raven"
North Riverside IL PD,"University of Illinois at Urbana - Champaign IL PD,University of Illinois at Urbana - Champaign IL PD Raven"
LeRoy IL PD,"University of Illinois at Urbana - Champaign IL PD,University of Illinois at Urbana - Champaign IL PD Raven"
Grundy County IL SO,"University of Illinois at Urbana - Champaign IL PD,University of Illinois at Urbana - Champaign IL PD Raven"
Marshall County IL SO,"University of Illinois at Urbana - Champaign IL PD,University of Illinois at Urbana - Champaign IL PD Raven"
Mclean County IL SO,"University of Illinois at Urbana - Champaign IL PD,University of Illinois at Urbana - Champaign IL PD Raven"
McCook IL PD,"University of Illinois at Urbana - Champaign IL PD,University of Illinois at Urbana - Champaign IL PD Raven"
LaSalle Co. IL SO - New,"University of Illinois at Urbana - Champaign IL PD,University of Illinois at Urbana - Champaign IL PD Raven"
Markham IL PD,"University of Illinois at Urbana - Champaign IL PD,University of Illinois at Urbana - Champaign IL PD Raven"
Glendale Heights IL PD,"University of Illinois at Urbana - Champaign IL PD,University of Illinois at Urbana - Champaign IL PD Raven"
Bradley IL PD,"University of Illinois at Urbana - Champaign IL PD,University of Illinois at Urbana - Champaign IL PD Raven"
Lake Forest IL PD,"University of Illinois at Urbana - Champaign IL PD,University of Illinois at Urbana - Champaign IL PD Raven"
Byron IL PD,"University of Illinois at Urbana - Champaign IL PD,University of Illinois at Urbana - Champaign IL PD Raven"
Orland Hills IL PD,"University of Illinois at Urbana - Champaign IL PD,University of Illinois at Urbana - Champaign IL PD Raven"
Energy IL PD,"University of Illinois at Urbana - Champaign IL PD,University of Illinois at Urbana - Champaign IL PD Raven"
Lake Villa IL PD,"University of Illinois at Urbana - Champaign IL PD,University of Illinois at Urbana - Champaign IL PD Raven"
Sauk Village IL PD,"University of Illinois at Urbana - Champaign IL PD,University of Illinois at Urbana - Champaign IL PD Raven"
Ladd IL PD,"University of Illinois at Urbana - Champaign IL PD,University of Illinois at Urbana - Champaign IL PD Raven"
Peoria Heights IL PD,"University of Illinois at Urbana - Champaign IL PD,University of Illinois at Urbana - Champaign IL PD Raven"
Fulton County IL SO,"University of Illinois at Urbana - Champaign IL PD,University of Illinois at Urbana - Champaign IL PD Raven"
Lindenhurst PD (IL),"University of Illinois at Urbana - Champaign IL PD,University of Illinois at Urbana - Champaign IL PD Raven"
Divernon IL PD,"University of Illinois at Urbana - Champaign IL PD,University of Illinois at Urbana - Champaign IL PD Raven"
West City IL PD ,"University of Illinois at Urbana - Champaign IL PD,University of Illinois at Urbana - Champaign IL PD Raven"
Olney IL PD,"University of Illinois at Urbana - Champaign IL PD,University of Illinois at Urbana - Champaign IL PD Raven"
Streator IL PD,"University of Illinois at Urbana - Champaign IL PD,University of Illinois at Urbana - Champaign IL PD Raven"
Lena IL PD,"University of Illinois at Urbana - Champaign IL PD,University of Illinois at Urbana - Champaign IL PD Raven"
Monee IL PD,"University of Illinois at Urbana - Champaign IL PD,University of Illinois at Urbana - Champaign IL PD Raven"
Prairie Grove IL PD,"University of Illinois at Urbana - Champaign IL PD,University of Illinois at Urbana - Champaign IL PD Raven"
University of Illinois- Springfield,"University of Illinois at Urbana - Champaign IL PD,University of Illinois at Urbana - Champaign IL PD Raven"
Sugar Grove IL PD ,"University of Illinois at Urbana - Champaign IL PD,University of Illinois at Urbana - Champaign IL PD Raven"
Virden IL PD,"University of Illinois at Urbana - Champaign IL PD,University of Illinois at Urbana - Champaign IL PD Raven"
Mokena IL PD,"University of Illinois at Urbana - Champaign IL PD,University of Illinois at Urbana - Champaign IL PD Raven"
Farmer City IL PD,"University of Illinois at Urbana - Champaign IL PD,University of Illinois at Urbana - Champaign IL PD Raven"
Mendota IL PD,"University of Illinois at Urbana - Champaign IL PD,University of Illinois at Urbana - Champaign IL PD Raven"
Shorewood IL PD,"University of Illinois at Urbana - Champaign IL PD,University of Illinois at Urbana - Champaign IL PD Raven"
Rossville IL PD,"University of Illinois at Urbana - Champaign IL PD,University of Illinois at Urbana - Champaign IL PD Raven"
Glen Carbon IL PD,"University of Illinois at Urbana - Champaign IL PD,University of Illinois at Urbana - Champaign IL PD Raven"
Piatt County IL Sheriff ,"University of Illinois at Urbana - Champaign IL PD,University of Illinois at Urbana - Champaign IL PD Raven"
Berwyn IL PD,"University of Illinois at Urbana - Champaign IL PD,University of Illinois at Urbana - Champaign IL PD Raven"
Illinois State Police,"University of Illinois at Urbana - Champaign IL PD,University of Illinois at Urbana - Champaign IL PD Raven"
Wilmette IL PD ,"University of Illinois at Urbana - Champaign IL PD,University of Illinois at Urbana - Champaign IL PD Raven"
DuPage Co IL Prosecutor Office,"University of Illinois at Urbana - Champaign IL PD,University of Illinois at Urbana - Champaign IL PD Raven"
Metro East Auto Theft (IL),"University of Illinois at Urbana - Champaign IL PD,University of Illinois at Urbana - Champaign IL PD Raven"
Elmhurst IL PD,"University of Illinois at Urbana - Champaign IL PD,University of Illinois at Urbana - Champaign IL PD Raven"
ECom911,"University of Illinois at Urbana - Champaign IL PD,University of Illinois at Urbana - Champaign IL PD Raven"
Arthur IL PD,"University of Illinois at Urbana - Champaign IL PD,University of Illinois at Urbana - Champaign IL PD Raven"
Chicago IL PD,"University of Illinois at Urbana - Champaign IL PD,University of Illinois at Urbana - Champaign IL PD Raven"
Salem IL PD,"University of Illinois at Urbana - Champaign IL PD,University of Illinois at Urbana - Champaign IL PD Raven"
Kenilworth Village IL PD,"University of Illinois at Urbana - Champaign IL PD,University of Illinois at Urbana - Champaign IL PD Raven"
Effingham IL SO,"University of Illinois at Urbana - Champaign IL PD,University of Illinois at Urbana - Champaign IL PD Raven"
Downers Grove IL PD,"University of Illinois at Urbana - Champaign IL PD,University of Illinois at Urbana - Champaign IL PD Raven"
Metamora IL PD,"University of Illinois at Urbana - Champaign IL PD,University of Illinois at Urbana - Champaign IL PD Raven"
Monticello IL PD ,"University of Illinois at Urbana - Champaign IL PD,University of Illinois at Urbana - Champaign IL PD Raven"
Greenville IL PD ,"University of Illinois at Urbana - Champaign IL PD,University of Illinois at Urbana - Champaign IL PD Raven"
Winthrop Harbor IL PD,"University of Illinois at Urbana - Champaign IL PD,University of Illinois at Urbana - Champaign IL PD Raven"
Burbank IL PD,"University of Illinois at Urbana - Champaign IL PD,University of Illinois at Urbana - Champaign IL PD Raven"
Normal IL PD ,"University of Illinois at Urbana - Champaign IL PD,University of Illinois at Urbana - Champaign IL PD Raven"
Bellwood IL PD,"University of Illinois at Urbana - Champaign IL PD,University of Illinois at Urbana - Champaign IL PD Raven"
Marion County IL SO,"University of Illinois at Urbana - Champaign IL PD,University of Illinois at Urbana - Champaign IL PD Raven"
Brookfield IL PD,"University of Illinois at Urbana - Champaign IL PD,University of Illinois at Urbana - Champaign IL PD Raven"
Lake Bluff IL PD ,"University of Illinois at Urbana - Champaign IL PD,University of Illinois at Urbana - Champaign IL PD Raven"
